{
  "width_m": 14.1,
  "height_m": 7.7,
  "t0": 1782444330765.0,
  "t1": 1782602367845.0,
  "y_mean": [
    0.18099801242351532,
    0.23787535727024078,
    0.25946933031082153,
    3.4073307514190674,
    2.5976390838623047,
    0.36311644315719604,
    0.09137055277824402,
    0.03861527144908905
  ],
  "y_std": [
    0.7303680181503296,
    0.8830314874649048,
    0.9324287176132202,
    1.5002089738845825,
    1.8229387998580933,
    1.3738456964492798,
    0.6536291837692261,
    0.37752565741539
  ],
  "channels": [
    "pm1_0_atm",
    "pm2_5_atm",
    "pm10_atm",
    "cnt_03",
    "cnt_05",
    "cnt_10",
    "cnt_25",
    "cnt_50"
  ]
}